-- phpMyAdmin SQL Dump
-- version 3.5.2.2
-- http://www.phpmyadmin.net
--
-- Host: 127.0.0.1
-- Generation Time: Jul 29, 2013 at 09:23 AM
-- Server version: 5.5.27
-- PHP Version: 5.4.7

SET SQL_MODE="NO_AUTO_VALUE_ON_ZERO";
SET time_zone = "+00:00";


/*!40101 SET @OLD_CHARACTER_SET_CLIENT=@@CHARACTER_SET_CLIENT */;
/*!40101 SET @OLD_CHARACTER_SET_RESULTS=@@CHARACTER_SET_RESULTS */;
/*!40101 SET @OLD_COLLATION_CONNECTION=@@COLLATION_CONNECTION */;
/*!40101 SET NAMES utf8 */;

--
-- Database: `incident1`
--

-- --------------------------------------------------------

--
-- Table structure for table `assigned_roles`
--

CREATE TABLE IF NOT EXISTS `assigned_roles` (
  `id` int(10) unsigned NOT NULL AUTO_INCREMENT,
  `user_id` int(11) NOT NULL,
  `role_id` int(11) NOT NULL,
  PRIMARY KEY (`id`)
) ENGINE=InnoDB DEFAULT CHARSET=utf8 COLLATE=utf8_unicode_ci AUTO_INCREMENT=1 ;

-- --------------------------------------------------------

--
-- Table structure for table `documents`
--

CREATE TABLE IF NOT EXISTS `documents` (
  `id` int(10) unsigned NOT NULL AUTO_INCREMENT,
  `incident_id` int(11) NOT NULL,
  `title` varchar(255) COLLATE utf8_unicode_ci NOT NULL,
  `description` varchar(255) COLLATE utf8_unicode_ci NOT NULL,
  `path` varchar(255) COLLATE utf8_unicode_ci NOT NULL,
  `created_at` timestamp NOT NULL DEFAULT '0000-00-00 00:00:00',
  `updated_at` timestamp NOT NULL DEFAULT '0000-00-00 00:00:00',
  PRIMARY KEY (`id`)
) ENGINE=InnoDB DEFAULT CHARSET=utf8 COLLATE=utf8_unicode_ci AUTO_INCREMENT=1 ;

-- --------------------------------------------------------

--
-- Table structure for table `followups`
--

CREATE TABLE IF NOT EXISTS `followups` (
  `id` int(10) unsigned NOT NULL AUTO_INCREMENT,
  `incident_id` int(11) NOT NULL,
  `date` date NOT NULL,
  `staff` varchar(255) COLLATE utf8_unicode_ci NOT NULL,
  `whom` varchar(255) COLLATE utf8_unicode_ci NOT NULL,
  `notes` varchar(255) COLLATE utf8_unicode_ci NOT NULL,
  `created_at` timestamp NOT NULL DEFAULT '0000-00-00 00:00:00',
  `updated_at` timestamp NOT NULL DEFAULT '0000-00-00 00:00:00',
  PRIMARY KEY (`id`)
) ENGINE=InnoDB  DEFAULT CHARSET=utf8 COLLATE=utf8_unicode_ci AUTO_INCREMENT=33 ;

--
-- Dumping data for table `followups`
--

INSERT INTO `followups` (`id`, `incident_id`, `date`, `staff`, `whom`, `notes`, `created_at`, `updated_at`) VALUES
(1, 1, '2012-01-01', 'John Doe', '', 'This is a note about the followup', '0000-00-00 00:00:00', '0000-00-00 00:00:00'),
(2, 29, '2013-07-05', 'safasf', 'asfsaf', 'asfsaf', '2013-07-23 06:23:43', '2013-07-23 06:23:43'),
(3, 30, '2013-07-05', 'zzzzzzzzzz', 'zzzzzzzzzz', 'zzzzzzzzzzzzzzzzzzzzzzzzzzzzzzzzzzzzz', '2013-07-23 06:27:49', '2013-07-23 06:27:49'),
(4, 31, '2013-07-05', 'sdgsdg', 'sdgs', 'sdgsdg', '2013-07-23 06:41:53', '2013-07-23 06:41:53'),
(5, 36, '2013-07-05', 'asfsaf', 'asfsaf', 'asfsafa', '2013-07-23 07:45:25', '2013-07-23 07:45:25'),
(6, 37, '2013-07-10', 'rrrrrrrrrr', 'rrrrrrrrr', 'rrrrrrrrrrrrrrr', '2013-07-23 08:27:12', '2013-07-23 08:27:12'),
(7, 39, '2013-07-24', 'asdgdsag', 'sadgasd', 'sdgasdg', '2013-07-24 00:16:13', '2013-07-24 00:16:13'),
(8, 40, '2013-07-24', 'eeeeeeeeee', 'eeeeeeeee', 'eeeeeeeeee', '2013-07-24 00:46:58', '2013-07-24 00:46:58'),
(9, 41, '2013-07-24', 'asfasf', 'asfasf', 'asfsaf', '2013-07-24 01:46:00', '2013-07-24 01:46:00'),
(10, 51, '2013-07-24', 'asfaf', 'asfsaf', 'asfsaf', '2013-07-24 04:36:20', '2013-07-24 04:36:20'),
(11, 52, '2013-07-24', 'asfasf', 'safsaf', 'asfasfa', '2013-07-24 04:41:21', '2013-07-24 04:41:21'),
(12, 53, '2013-07-23', '111111', '11111111111', '11111111111', '2013-07-24 04:48:35', '2013-07-24 04:48:35'),
(13, 57, '2013-07-24', 'asfasf', 'asfasf', 'asfasfas', '2013-07-24 06:36:32', '2013-07-24 06:36:32'),
(14, 58, '2013-07-24', '5555555', '55555555555', '555555555', '2013-07-24 08:56:34', '2013-07-24 08:56:34'),
(15, 51, '2013-07-25', '111111111', '1111111111', '111111111111', '2013-07-25 05:18:35', '2013-07-25 05:18:35'),
(16, 62, '2013-07-26', '111111', '111', '11111111111', '2013-07-25 23:30:16', '2013-07-25 23:30:16'),
(17, 63, '2013-07-26', 'qqqqqqqq', 'qqqqqqqqq', 'qqqqqqqqqq', '2013-07-25 23:32:54', '2013-07-25 23:32:54'),
(18, 68, '2013-07-26', '222222222222', '222222222222', '222222222222222222', '2013-07-26 00:57:58', '2013-07-26 00:57:58'),
(19, 68, '2013-07-27', '333333333', '333333333333', '333333333333333333333', '2013-07-26 00:57:58', '2013-07-26 00:57:58'),
(20, 71, '2013-07-26', '333333333', '3333333', 'hhhhhhhhhhhhhhh', '2013-07-26 01:22:16', '2013-07-26 01:22:16'),
(21, 71, '2013-07-26', '777777777', '7777777', '7777777777', '2013-07-26 01:22:16', '2013-07-26 01:22:16'),
(22, 75, '2013-07-26', 'asfasf', 'asfasf', 'bbbbb', '2013-07-26 04:06:17', '2013-07-26 04:06:17'),
(23, 76, '2013-07-26', 'mmmmmmmmmm', 'mmmmmmmm', '', '2013-07-26 07:04:01', '2013-07-26 07:04:01'),
(24, 76, '2013-07-26', '999999999', '99999999999', '', '2013-07-26 07:04:01', '2013-07-26 07:04:01'),
(25, 76, '2013-07-26', '888888888888', '888888888', '', '2013-07-26 07:04:01', '2013-07-26 07:04:01'),
(26, 77, '2013-07-26', 'qqqqqqqqqq', 'qqqqqqqqq', 'test', '2013-07-26 08:38:35', '2013-07-26 08:38:35'),
(27, 77, '2013-07-26', 'ttttttttttt', 'tttttttttttt', 'test', '2013-07-26 08:38:35', '2013-07-26 08:38:35'),
(28, 79, '2013-07-26', 'asfasf', 'asfasf', 'qqq', '2013-07-26 08:51:44', '2013-07-26 08:51:44'),
(29, 80, '2013-07-29', '111111', 'asfasf', '', '2013-07-28 23:44:11', '2013-07-28 23:44:11'),
(30, 80, '2013-07-20', 'safaf', 'asfasf', '', '2013-07-28 23:44:12', '2013-07-28 23:44:12'),
(31, 82, '2013-07-23', 'asfasf', 'asfasf', '', '2013-07-29 00:19:58', '2013-07-29 00:19:58'),
(32, 83, '2013-07-29', 'asfasf', 'asfasf', 'ssssssssss', '2013-07-29 00:38:11', '2013-07-29 00:38:11');

-- --------------------------------------------------------

--
-- Table structure for table `incidents`
--

CREATE TABLE IF NOT EXISTS `incidents` (
  `id` int(10) unsigned NOT NULL AUTO_INCREMENT,
  `incident_number` varchar(255) COLLATE utf8_unicode_ci NOT NULL,
  `incident_status` varchar(255) COLLATE utf8_unicode_ci NOT NULL,
  `incident_date` date NOT NULL,
  `incident_time` varchar(255) COLLATE utf8_unicode_ci NOT NULL,
  `incident_branch` varchar(255) COLLATE utf8_unicode_ci NOT NULL,
  `incident_offsite_location` varchar(255) COLLATE utf8_unicode_ci NOT NULL,
  `incident_location` varchar(255) COLLATE utf8_unicode_ci NOT NULL,
  `report` varchar(255) COLLATE utf8_unicode_ci NOT NULL,
  `first_name` varchar(255) COLLATE utf8_unicode_ci NOT NULL,
  `last_name` varchar(255) COLLATE utf8_unicode_ci NOT NULL,
  `birthdate` varchar(255) COLLATE utf8_unicode_ci NOT NULL,
  `gender` varchar(255) COLLATE utf8_unicode_ci NOT NULL,
  `address` varchar(255) COLLATE utf8_unicode_ci NOT NULL,
  `city` varchar(255) COLLATE utf8_unicode_ci NOT NULL,
  `state` varchar(255) COLLATE utf8_unicode_ci NOT NULL,
  `zip` varchar(255) COLLATE utf8_unicode_ci NOT NULL,
  `phone` varchar(255) COLLATE utf8_unicode_ci NOT NULL,
  `email` varchar(255) COLLATE utf8_unicode_ci NOT NULL,
  `status` varchar(255) COLLATE utf8_unicode_ci NOT NULL,
  `involvement` varchar(255) COLLATE utf8_unicode_ci NOT NULL,
  `parent_first_name` varchar(255) COLLATE utf8_unicode_ci NOT NULL,
  `parent_last_name` varchar(255) COLLATE utf8_unicode_ci NOT NULL,
  `parent_address` varchar(255) COLLATE utf8_unicode_ci NOT NULL,
  `parent_city` varchar(255) COLLATE utf8_unicode_ci NOT NULL,
  `parent_state` varchar(255) COLLATE utf8_unicode_ci NOT NULL,
  `parent_zip` varchar(255) COLLATE utf8_unicode_ci NOT NULL,
  `parent_phone` varchar(255) COLLATE utf8_unicode_ci NOT NULL,
  `parent_email` varchar(255) COLLATE utf8_unicode_ci NOT NULL,
  `description` text COLLATE utf8_unicode_ci NOT NULL,
  `medical_info` text COLLATE utf8_unicode_ci NOT NULL,
  `first_aid` varchar(255) COLLATE utf8_unicode_ci NOT NULL,
  `first_aid_whom` varchar(255) COLLATE utf8_unicode_ci NOT NULL,
  `head_injury` varchar(255) COLLATE utf8_unicode_ci NOT NULL,
  `head_injury_whom` varchar(255) COLLATE utf8_unicode_ci NOT NULL,
  `blood_borne` varchar(255) COLLATE utf8_unicode_ci NOT NULL,
  `blood_borne_whom` varchar(255) COLLATE utf8_unicode_ci NOT NULL,
  `emergency_services` varchar(255) COLLATE utf8_unicode_ci NOT NULL,
  `hospital` varchar(255) COLLATE utf8_unicode_ci NOT NULL,
  `hospital_name` varchar(255) COLLATE utf8_unicode_ci NOT NULL,
  `parent_contacted` varchar(255) COLLATE utf8_unicode_ci NOT NULL,
  `parent_contacted_whom` varchar(255) COLLATE utf8_unicode_ci NOT NULL,
  `parent_contacted_time` varchar(255) COLLATE utf8_unicode_ci NOT NULL,
  `parent_contacted_outcome` varchar(255) COLLATE utf8_unicode_ci NOT NULL,
  `left_site_time` varchar(255) COLLATE utf8_unicode_ci NOT NULL,
  `left_site_with` varchar(255) COLLATE utf8_unicode_ci NOT NULL,
  `previous_injury` varchar(255) COLLATE utf8_unicode_ci NOT NULL,
  `additional_info` text COLLATE utf8_unicode_ci NOT NULL,
  `docpath` varchar(255) COLLATE utf8_unicode_ci NOT NULL,
  `created_at` timestamp NOT NULL DEFAULT '0000-00-00 00:00:00',
  `updated_at` timestamp NOT NULL DEFAULT '0000-00-00 00:00:00',
  PRIMARY KEY (`id`)
) ENGINE=InnoDB  DEFAULT CHARSET=utf8 COLLATE=utf8_unicode_ci AUTO_INCREMENT=91 ;

--
-- Dumping data for table `incidents`
--

INSERT INTO `incidents` (`id`, `incident_number`, `incident_status`, `incident_date`, `incident_time`, `incident_branch`, `incident_offsite_location`, `incident_location`, `report`, `first_name`, `last_name`, `birthdate`, `gender`, `address`, `city`, `state`, `zip`, `phone`, `email`, `status`, `involvement`, `parent_first_name`, `parent_last_name`, `parent_address`, `parent_city`, `parent_state`, `parent_zip`, `parent_phone`, `parent_email`, `description`, `medical_info`, `first_aid`, `first_aid_whom`, `head_injury`, `head_injury_whom`, `blood_borne`, `blood_borne_whom`, `emergency_services`, `hospital`, `hospital_name`, `parent_contacted`, `parent_contacted_whom`, `parent_contacted_time`, `parent_contacted_outcome`, `left_site_time`, `left_site_with`, `previous_injury`, `additional_info`, `docpath`, `created_at`, `updated_at`) VALUES
(1, '', '', '2012-01-01', '', 'Central', '', '', '', 'Jeff', 'Finley', '', '', '', '', '', '', '', '', '', '', '', '', '', '', '', '', '', '', '', '', '', '', '', '', '', '', '', '', '', '', '', '', '', '', '', '', '', '', '0000-00-00 00:00:00', '0000-00-00 00:00:00'),
(4, '', '', '2013-07-20', '01:00', 'Association Office', 'CN - Bowers', 'Pool', '', 'ponraj', 'raj', '27/1/1987', 'Male', '', '', '', '', '9894636439', 'k.ponraj@agriya.in', '', 'Member', '', '', '', '', '', '', '', '', 'accident in car', 'first aid given ', 'Yes', 'public', 'Yes', 'doctor', 'Yes', 'doctor', 'Yes', 'Yes', 'apollo hospital', 'Yes', 'public', '1.30 Am', '', '', '', 'Unknown', '', '', '2013-07-20 08:33:19', '2013-07-20 08:33:19'),
(26, '', 'Open', '2013-07-04', '01:00', 'Camp Campbell', 'CN - Bowers', 'Pool', '', 'asdfgsdasdasdasdasdasdasdasdasdasda', 'dfsssssssss', 'dsssssss', 'Male', 'dsfssss', 'sdddddd', 'sdsdsdsdsdsdsd', 'sdddddddddd', 'sdddddd', 'dsddddddddddd', '', 'Participant', 'szdfaaaaaaaaa', 'sdsdsdsdsdsdsdsdsdsdsdsd', 'sdsdsdsdsdsdsdsdsdsd', 'sdsdsdsdsdsdsdsd', 'sdsdsdsdsdsdsd', 'sdddddd', 'sdddddd', 'sdddddd', 'sdsdsdsdsdsdsdsdsdsdsd', 'sdsdsdsdsdsdsd', 'Yes', 'sdsdsdsdsd', 'No', 'sddddddddd', 'No', 'sdddddd', 'Yes', 'Yes', 'sdsdsdsdsdsdsdsdsdsdsdsdsd', 'Yes', 'dssdsdsdsd', 'sdsdsdsdsd', 'sdsdsdsd', 'sdsdsdsd', 'sddddd', '', '', '', '2013-07-23 05:40:10', '2013-07-23 05:40:46'),
(27, '', 'Open', '2013-07-04', '01:00', 'Camp Campbell', 'CN - Bowers', 'Pool', '', 'asdfgsdasdasdasdasdasdasdasdasdasda', 'dfsssssssss', 'dsssssss', 'Male', 'dsfssss', 'sdddddd', 'sdsdsdsdsdsdsd', 'sdddddddddd', 'sdddddd', 'dsddddddddddd', '', 'Participant', 'sdfgdsa', 'sdgdsgsd', 'sdgsdg', 'sdgsdg', 'sdgsdg', 'sdgsdg', 'sdgsdg', 'sdgsdg', 'sdgsdgsdg', 'sdgsdg', 'Yes', 'sdgdsg', 'Yes', 'sdgdsg', 'Yes', 'sdgsdg', 'Yes', 'Yes', 'sdgsdg', 'Yes', 'sdgdsg', 'sdgsdg', 'dsgsdg', 'sdgsdg', 'sdgsd', '', '', '', '2013-07-23 05:43:22', '2013-07-23 05:43:53'),
(28, '', 'Open', '2013-07-11', '01:00', 'Camp Campbell', 'CN - Bowers', 'Pool', '', 'saafaf', 'saff', 'asfsa', 'Male', 'safsaf', 'safsaf', 'safasf', 'asfasf', 'safas', 'asfsaf', '', 'Member', 'asfsaf', 'asfsaf', 'asfsaf', 'asfsa', 'asfsaf', 'asfasf', 'asfasf', 'asfasf', 'asfasfsaf', 'asfasf', 'Yes', 'asfasf', 'Yes', 'asfsaf', 'Yes', 'asfas', 'Yes', 'Yes', 'safsaf', 'Yes', 'safasfas', 'asfasf', 'asfasf', 'asfasf', 'asfasf', '', '', '', '2013-07-23 05:44:55', '2013-07-23 05:45:26'),
(29, '', 'Open', '2013-07-03', '01:00', 'Association Office', 'CN - Bowers', 'Gym', '', 'asf', 'safsaf', 'safsa', 'Male', 'safsa', 'safsaf', 'asfasf', 'asfsaf', 'asfsa', 'asfsaf', '', 'Participant', 'asfsa', 'asfsaf', 'asfsaf', 'afasf', 'asfa', 'asfasf', 'asfasf', 'asfas', 'asfsaf', 'asfasf', 'No', 'asfsa', 'Yes', 'asfsa', 'Yes', 'asfas', 'Yes', 'Yes', 'asfasf', 'Yes', 'asf', 'asfsaf', 'asfas', 'asfas', 'asfasf', 'Yes', 'afasfasf', '', '2013-07-23 06:22:27', '2013-07-23 06:23:43'),
(30, '', 'Open', '2013-07-10', '01:59', 'El Camino', 'CN - Booksin', 'Hallway', '', 'zzzzzzz', 'zzzzzzzzzzzz', '', 'Female', 'zzzzzzz', 'zzzzzzz', 'zzzzzzzzz', 'zzzzzzz', 'zzzzzzzz', 'zzzzz', '', 'Staff', 'zzzzzzz', 'zzzzzzzzz', 'zzzzzzzzz', 'zzzzzzz', 'zzzzzzz', 'zzzzzz', 'zzzzz', 'zzzzzzzzz', 'zzzzzzzzzzzzzzz', 'zzzzzzzzzzzzzzzzzzz', 'No', 'zzzzzz', 'No', 'zzzzzzzzzzzz', 'No', 'zzzzzzzzz', 'No', 'Yes', 'zzzzzzzzzzzzzzz', 'Yes', 'zzzzzzzzz', 'zzzzzzzzzzz', 'zzzzzzzzzzzzz', 'zzzzzzzzzz', 'zzzzzzzzzzz', 'No', 'zzzzzzzzzzzzzzzzzzz', '', '2013-07-23 06:26:38', '2013-07-24 05:47:22'),
(31, '', 'Open', '2013-07-11', '00:00', 'Page Mill', 'CN - Rocketship Discovery', 'Locker Room', '', 'safsa', 'asfsafsaf', 'asfsafasf', 'Female', 'safsaf', 'safsaf', 'asfsaf', 'asfsaf', 'asfsaf', 'asfsafasfasf', '', 'Volunteer', 'asfsafsaf', 'safsafsaf', 'safsafsa', 'safsaf', 'asfsaf', 'safsaf', 'asfsaf', 'asfsaf', 'asfsaf', 'asfsaf', 'No', 'afsaf', 'Yes', 'asfas', 'No', 'asfas', 'No', 'Yes', 'asfsaf', 'No', 'asfsaf', 'asfsaf', 'safsaf', 'safsaf', 'safsa', 'No', 'sdgsdg', '', '2013-07-23 06:40:20', '2013-07-23 06:41:53'),
(36, '', 'Open', '2013-07-04', '00:00', 'South Valley', 'CN - Bracher', 'Bathroom', '', 'sfaf', 'sffa', 'safsaf', 'Male', 'safasf', 'safsa', 'asfsa', 'safsaf', 'asfasf', 'asfsaf', '', 'Member', 'safsaf', 'safsa', 'asfsaf', 'safsaf', 'safsaas', 'safsaf', 'asfsaf', 'asfsaf', 'asfsafsafa', 'asfsaf', 'No', 'asfsa', 'Yes', 'asfsa', 'Yes', 'asfsaf', 'Yes', 'Yes', 'safsaf', 'Yes', 'safsaf', 'asfsaf', 'fasfa', 'safasf', 'afaf', 'Yes', 'asfsafasf', '', '2013-07-23 07:44:34', '2013-07-23 07:45:25'),
(37, '', 'Open', '2013-07-23', '23:00', 'El Camino', 'CN - Rocketship Alma', 'Parking Lot', '', 'rrrrr', 'rrrrrrrrr', 'rrrrrrrrrrrr', 'Female', 'rrrrrr', 'rrrrrrr', 'rrrrrrrrrr', 'rrrrrrrrrr', 'rrrrrrrrr', 'rrrrrrrr', '', 'Volunteer', 'rrrrrrrrrr', 'rrrrrrrrrrr', 'rrrrrrrrrrrr', 'rrrrrrrrr', 'rrrrrrrr', 'rrrrrrrrrrr', 'rrrrrrrrrrr', 'rrrrrrrrrrrr', 'rrrrrrrrrrr', 'rrrrrrrrrrrrr', 'Yes', 'rrrrrrrrrrrr', 'Yes', 'rrrrrrrrrrr', 'Yes', 'rrrrrrrrrrrr', 'No', 'No', 'rrrrrrrrrrrrr', 'No', 'rrrrrrrrrr', 'rrrrrrrrrrr', 'rrrrrrrrrrr', 'rrrrrrrrrr', 'rrrrrrrrrrr', 'No', 'rrrrrrrrrrrrr', '', '2013-07-23 08:26:08', '2013-07-23 08:27:12'),
(39, '', 'Open', '2013-07-24', '01:00', 'Central', 'CN - Rocketship Alma', 'Special Needs Bathroom', '', 'dsfdsdfs', 'dfhsdfh', 'sfhhsdfh', 'Female', 'sfhdhdsfh', 'dfhdfshdfs', 'dfhdfsh', 'dfhsdfhdh', 'dfhsdfh', 'dsfhsfdhsdfh', '', 'Participant', 'sfhdh', 'sdhsdh', 'sdhsdh', 'sdhsdh', 'sdhsdh', 'sdhsdfh', '', '', 'sdfhsdfh', 'sdfhsdfh', 'No', 'sdhsdh', 'No', 'sdfhsdf', 'No', 'dsfhsd', 'No', 'No', 'sdfhsd', 'No', 'sdfhsdf', 'sdfhsd', 'dfshfdsh', 'fsdhsdfh', 'sdhsdfh', 'Yes', 'sdgdasga', '', '2013-07-24 00:06:16', '2013-07-24 00:16:13'),
(40, '', 'Open', '2013-07-24', '01:01', 'El Camino', 'MM - Jackson', 'Parking Lot', '', 'eeeeeeeee', 'eeeeeeeeeee', 'eeeeeeeee', 'Female', 'eeeeeeee', 'eeeeeeeeee', 'eeeeeee', 'eeeeeeeeeeee', 'eeeeeeeee', 'eeeeeeeee', '', 'Participant', 'eeeeeeeeee', 'eeeeeeeeee', 'eeeeeeeee', 'eeeeeeeeee', 'eeeeeeee', 'eeeeeeeeee', 'eeeeeeeee', 'eeeeeeeeeee', 'eeeeeeeeeeeeeee', 'eeeeeeeee', 'No', 'eeeeeeee', 'No', 'eeeeeeeee', 'Yes', 'eeeeeee', 'No', 'No', '', 'No', 'eeeeeeeeee', 'eeeeeeeeee', 'eeeeeeeee', 'eeeeeeeeeeeee', 'eeeeeeee', 'No', 'eeeeeeeeeeeeeeee', '', '2013-07-24 00:44:49', '2013-07-24 00:46:58'),
(41, '', 'Open', '2013-07-24', '01:01', 'Central', 'CN - Briarwood', 'Parking Lot', 'Report', 'aaaaa', 'aaaaa', '2013-07-24', 'Female', 'aaaaaa', 'aaaaaaa', 'aaaaaa', 'aaaaa', 'aaaaa', 'aaaaaa', '', 'Member', 'fafaf', 'asfsaf', 'asfsa', 'afasf', 'afsaf', 'afaf', 'afsaf', 'asfsa', 'afsaf', 'asfasfa', 'No', 'afas', 'No', 'asfas', 'No', 'safsa', 'Yes', 'No', 'asfasf', 'No', 'afsasf', 'afasf', 'asfaf', 'asfsaf', 'asfasf', 'No', 'asfasfa', '', '2013-07-24 01:44:40', '2013-07-24 01:46:00'),
(43, '', 'Open', '2013-07-24', '01:00', 'Central', 'CN - Bowers', 'Lobby', 'Report', 'safa', 'safsaf', '2013-07-22', 'Female', 'asfaf', 'asfsaf', 'asfsaf', 'asfsaf', 'asfasf', 'asfsa', '', 'Volunteer', '', '', '', '', '', '', '', '', '', '', '', '', '', '', '', '', '', '', '', '', '', '', '', '', '', '', '', '', '2013-07-24 02:52:03', '2013-07-24 02:52:03'),
(44, '', 'Open', '2013-07-24', '01:00', 'Central', 'CN - Bracher', 'Parking Lot', 'Do Not Report', 'safa', 'safasf', '2013-07-24', 'Female', 'safassa', 'asfa', 'asfasf', 'asfa', 'asfas', 'asfasf', '', 'Participant', '', '', '', '', '', '', '', '', '', '', '', '', '', '', '', '', '', '', '', '', '', '', '', '', '', '', '', '', '2013-07-24 04:09:11', '2013-07-24 04:09:11'),
(45, '', 'Open', '2013-07-24', '01:00', 'Central', 'CN - Bracher', 'Parking Lot', 'Do Not Report', 'asaf', 'asfsaf', '2013-07-24', 'Female', 'asfaf', 'asfsaf', 'safsaf', 'asfsaf', 'asfasf', 'safas', '', 'Participant', 'asfas', 'asfsa', 'afa', 'asfsa', 'asfsa', 'asfa', 'asfas', 'asfsa', 'asfsa', 'asfasf', 'Yes', 'asfsaf', 'Yes', 'afsa', 'Yes', 'asfsa', 'No', 'No', 'afas', 'Yes', 'asfasf', 'af', 'asfas', 'asfas', 'asfasf', '', '', '', '2013-07-24 04:14:55', '2013-07-24 04:15:59'),
(48, '', 'Open', '2013-07-24', '01:00', 'Central', 'CN - Bracher', 'Lobby', 'Report', 'asfaf', 'asfasf', '2013-07-03', '', '', '', '', '', '', '', '', 'Participant', '', '', '', '', '', '', '', '', '', '', '', '', '', '', '', '', '', '', '', '', '', '', '', '', '', '', '', '', '2013-07-24 04:28:36', '2013-07-24 04:28:36'),
(51, '', 'Open', '2013-07-24', '13:00', 'Central', 'CN - Briarwood', 'Parking Lot', 'Report', 'safaf', 'safsaf', '2013-07-24', 'Male', 'asfsaf', 'asf', 'asfasf', 'asfas', 'sfasf', 'asfasf', '', 'Volunteer', 'asfsaf', 'sdhsdh', 'sdhsdh', 'sdhsdh', 'sdhsdh', 'sdhsdfh', 'asafasf', 'asfasf', '111111111111111111\r\n1111111111111111', '1111111111111111\r\n1111111111111', '', 'asfsaf', '', 'asfsaf', '', 'asfsaf', '', '', 'asfsaf', '', 'asfsaf', '1111111111', '', 'asfsaf', 'asfsaf', '', '1111111111111', '', '2013-07-24 04:33:55', '2013-07-25 06:24:58'),
(52, '', 'Open', '2013-07-24', '15:01', 'East Palo Alto', 'CN - Briarwood', 'Special Needs Bathroom', 'Do Not Report', 'sfhdh', 'sdhsdh', '', '', 'sdhsdh', 'sdhsdh', 'sdhsdh', 'sdhsdfh', 'asfsaf', '', '', 'Participant', 'sfhdh', 'sdhsdh', 'sdhsdh', 'sdhsdh', 'sdhsdh', 'sdhsdfh', 'asfasf', 'asfsaf', 'gsdgdgsdgdg', 'safsafas', 'No', 'fsdaf', 'Yes', 'safasf', 'No', 'asfsaf', 'No', 'No', 'safasf', 'No', 'asfaf', 'asfsaf', 'asfaf', 'asfsaf', 'asfsaf', 'No', 'asfasf', 'linux_commands.pdf', '2013-07-24 04:38:12', '2013-07-24 04:41:21'),
(53, '', 'Open', '2013-07-24', '01:00', 'Central', 'CN - Buchser Middle', 'Parking Lot', 'Report', 'asasf', 'asfasf', '2013-07-24', 'Male', 'sdhsdh', 'sdhsdh', 'sdhsdh', 'sdhsdfh', 'afasf', 'asfaf', '', 'Participant', '', '', '', '', '', '', '', '', 'asfasffas', 'asfasfasf', '', '', '', '', '', '', '', '', '', '', '', '', '', '', '', '', '', '', '2013-07-24 04:47:31', '2013-07-25 02:35:22'),
(57, '', 'Open', '2013-07-24', '01:00', 'East Valley', 'CN - Cabrillo Middle', 'Lobby', 'Claim', 'sfhdh', 'sdhsdh', '', '', 'sdhsdh', 'sdhsdh', 'sdhsdh', 'sdhsdfh', 'aafsfsasdasasdasdddddsfsaf', '33333333333', '', 'Participant', '1111111', 'afasfasa', 'fssafa', 'asfasf', 'asfasf', 'asfasf', 'afasf', '55555555', 'asdggas\r\ndgadasgds\r\nsdagsdag\r\nasdgasdgsdg\r\nasgsdgagd\r\nagdgddggddg', 'asfasf\r\nasfasf\r\nasfasf\r\nasfasf\r\nasfasf', '', '', '', '', '', '', '', '', '', '', '', '', '', '', '', 'No', 'asfsaf', '', '2013-07-24 06:35:31', '2013-07-25 03:36:42'),
(58, '', 'Open', '2013-07-24', '01:00', 'Central', 'CN - Cabrillo Middle', 'Parking Lot', 'Claim', 'sfhdh', 'sdhsdh', '', '', '3333', 'sdhsdh', 'sdhsdh', 'sdhsdfh', 'sdaaaaa', '', '', 'Member', '', '', '', '', '', '', '', '', 'safsaf', 'asfsafasfa\r\nasfsaf\r\nasfsafa\r\nsafsafas\r\nsafsaf\r\nasfsafasfa\r\nasfsaf\r\nasfsafa\r\nsafsafas\r\nsafsaf', '', '', '', '', '', '', '', '', '', '', '', '', '', '', '', '', '', '', '2013-07-24 08:55:32', '2013-07-25 02:25:18'),
(59, '', 'Open', '2013-07-25', '01:00', 'East Valley', 'CN - Briarwood', 'Hallway', 'Claim', '11111111', '11111', '2013-07-25', 'Male', '11111111', '1111111', '1111111', '1111111', '1111111', '11111111', '', 'Participant', '222222222222', '2222222222', '22222222222', '22222222222', '22222222', '222222222', '', '', '222222222222', '222222222', 'No', '22222222', 'Yes', '222222222', 'No', '2222222', 'No', 'Yes', '2222222222', 'No', '2222222222', '22222222222', '22222', '2222222222', '2222222', '', '', '59.pdf', '2013-07-25 08:54:58', '2013-07-25 09:02:43'),
(62, '', 'Open', '2013-07-26', '01:00', 'Association Office', 'CN - Bowers', 'Gym', 'Claim', 'aaaaaaaaaaa', 'aaaaa', '2013-07-26', 'Female', 'aaaaaaa', 'aaaaaaaa', 'aaaaaaaa', 'aaaaaa', 'aaaaaaa', 'aaaaaaa', '', 'Member', 'qqqqqqqqqq', 'qqqqqqqqqqqqqqqq', 'qqqqqqqqqq', 'qqqqqqqqqq', 'qqqqqqqqq', 'qqqqqqqqqq', 'qqqqqqqqqqq', 'qqqqqqqqq', 'qqqqqqqqqqqqqqqqq', 'qqqqqqqqqqqqqq', 'Yes', 'qqqqqqqqqqq', 'Yes', 'qqqqqqqqqq', 'Yes', 'qqqqqqqqqqq', 'Yes', 'Yes', 'qqqqqqqqqqqqqqqqqqq', 'Yes', 'qqqqqqqqq', 'qqqqqqqqq', 'qqqqqqqqq', 'qqqqqqq', 'qqqqqqq', '', '1111111111', '62.pdf', '2013-07-25 23:28:40', '2013-07-25 23:30:16'),
(63, '', 'Open', '2013-07-26', '00:00', 'El Camino', 'CN - Briarwood', 'Bathroom', 'Report', 'qqqqqqqqqqqqqqqqqq', 'qqqqqqqqqq', '2013-07-26', 'Unknown', 'qqqqqq', 'qqqqqq', 'qqqqqq', 'qqqqq', 'qqqqqqq', 'qqqqqqq', '', 'Volunteer', 'qqqqqqqqqqq', 'qqqqqqqq', 'qqqqqqqq', 'qqqqqqqqq', 'qqqqqqqqq', 'qqqq', 'qqqqqqqqqqq', 'qqqqqq', 'qqqqqqq', 'qqqqqq', 'Yes', 'qqqqq', 'Yes', 'qqqq', 'No', 'qqqqq', 'No', 'Yes', 'qqqqqqqqqqqqqqqqqqq', 'No', 'qqqqqqqqq', 'qqqqqqqqq', 'qqqqqqqqq', 'qqqqqqq', 'qqqqqqq', 'Unknown', 'qqqqqq', '63.pdf', '2013-07-25 23:31:35', '2013-07-25 23:32:54'),
(64, '', '', '0000-00-00', '', '', '', '', '', '', '', '', '', '', '', '', '', '', '', '', '', '', '', '', '', '', '', '', '', '', '', '', '', '', '', '', '', '', '', '', '', '', '', '', '', '', '', '', '', '2013-07-26 00:16:18', '2013-07-26 00:16:23'),
(65, '', '', '0000-00-00', '', '', '', '', '', '', '', '', '', '', '', '', '', '', '', '', '', '', '', '', '', '', '', '', '', '', '', '', '', '', '', '', '', '', '', '', '', '', '', '', '', '', '', '', '', '2013-07-26 00:45:16', '2013-07-26 00:45:16'),
(66, '', '', '2013-07-26', '01:00', 'Central', 'CN - Bowers', 'Lobby', 'Do Not Report', '222222222222', '2222222222', '2013-07-26', 'Male', '22222222222', '22222222222', '22222222', '222222222', '', '', '', 'Participant', '', '', '', '', '', '', '', '', '', '', '', '', '', '', '', '', '', '', '', '', '', '', '', '', '', '', '', '', '2013-07-26 00:48:06', '2013-07-26 00:48:22'),
(67, '', '', '2013-07-26', '01:00', 'Central', 'CN - Bowers', 'Lobby', 'Do Not Report', '222222222222', '2222222222', '2013-07-26', 'Male', '22222222222', '22222222222', '22222222', '222222222', '', '', '', 'Participant', '', '', '', '', '', '', '', '', '', '', 'No', '', 'Yes', '', 'Yes', '', 'Yes', 'Yes', '', '', '', '', '', 'asfsaf', 'asfsaf', '', '', '', '2013-07-26 00:49:12', '2013-07-26 00:51:52'),
(68, '', '', '2013-07-26', '01:00', 'Camp Campbell', 'CN - Buchser Middle', 'Parking Lot', 'Report', '222222222222', '2222222222', '', '', '22222222222', '22222222222', '22222222', '222222222', '222222', '222222', '', 'Participant', '222222222222', '2222222222', '22222222222', '22222222222', '22222222', '222222222', 'asafasf', 'asfasf', '22222222222222222\r\n2222222222222222', '22222222222222', 'No', '2222222', 'No', '2222', 'No', '2222222', 'No', 'No', '2222222222', 'Yes', '2222222222', '22222222222', '222222', '2222222222', '2222222', 'Yes', '2222222222222222222', '68.pdf', '2013-07-26 00:56:05', '2013-07-26 00:57:58'),
(69, '', '', '0000-00-00', '', '', '', '', '', '', '', '', '', '', '', '', '', '', '', '', '', '', '', '', '', '', '', '', '', '', '', '', '', '', '', '', '', '', '', '', '', '', '', '', '', '', '', '', '', '2013-07-26 01:06:09', '2013-07-26 01:06:09'),
(70, '', '', '2013-07-26', '16:01', 'East Palo Alto', 'CN - Briarwood', 'Parking Lot', 'Claim', 'asdfgsdasdasdasdasdasdasdasdasdasda', '2222222222', '2013-07-26', 'Female', '22222222222', '22222222222', '22222222', '222222222', 'aaaaa', 'aaaaaaa', '', 'Volunteer', 'sfhdh', 'sdhsdh', 'sdhsdh', 'sdhsdh', 'sdhsdh', 'sdhsdfh', 'ss', 'ss', 'sss', 'sssssssssssss', 'Yes', 'sss', 'No', 'sss', 'No', 'ssss', 'Yes', 'No', 'ss', 'No', 'sssss', 'sss', 'sssss', 'sssssss', 'ssssss', '', '', '70.pdf', '2013-07-26 01:07:27', '2013-07-26 01:08:23'),
(71, '', '', '2013-07-26', '13:59', 'Camp Campbell', 'CN - Bracher', 'Pool', 'Report', '222222222222', '2222222222', '2013-07-26', 'Unknown', '22222222222', '22222222222', '22222222', '222222222', '2222222', '2222222', '', 'Participant', '9999999999999', '999999', '9999999', '99999999', '999999', '9999999', '999999', '9999999', '9999999999', '9999999', 'No', '99999', 'Yes', '9999999', 'No', '99999999', 'Yes', 'No', '8888888888', 'No', '99999999', '899999999999', '999999', '9999999999', '999999999', 'Unknown', '9999999999', '71.pdf', '2013-07-26 01:19:11', '2013-07-26 07:20:52'),
(72, '', 'Open', '2013-07-26', '01:00', 'Camp Campbell', 'CN - Bowers', 'Lobby', 'Report', 'zzzzzzzzz', 'zzzzzzzz', '2013-07-26', 'Female', 'zzzzzzz', 'zzzzzzzzz', 'zzzzzzzz', 'zzzzzzzzzzz', 'zzzzzzzzz', 'zzzzzzzzzz', '', 'Volunteer', 'zzzzzzzzz', 'zzzzzzzz', 'zzzzzzzzz', 'zzzzzzz', 'zzzzzzzzz', 'zzzzzzz', 'zzzzzzzz', 'zzzzzzz', 'zzzzzzzzzzzzzzzzzz', 'zzzzzzzz', 'No', 'zzzzzzzz', 'Yes', 'zzzzzzzzzzzz', 'Yes', 'zzzzzzzzz', 'No', 'Yes', 'zzzzzzzzzzzzzzz', 'Yes', 'zzzzzzzzz', 'zzzzzzzzzzz', 'zzzzzzzzzzzzz', 'zzzzzzzzzz', 'zzzzzzzzzzz', '', '', '', '2013-07-26 02:15:17', '2013-07-26 03:29:01'),
(73, '', 'Open', '2013-07-26', '01:00', 'Camp Campbell', 'CN - Bracher', 'Gym', 'Report', 'aaa', 'aaa', '2013-07-26', 'Male', 'aaaa', 'aaa', 'aaa', 'aa', 'aa', 'aaa', '', 'Member', 'aaa', 'aaa', 'aa', 'aa', 'aa', 'aaa', 'aa', 'aa', 'aaa', 'aaa', 'No', 'aaaaaaaaa', 'Yes', 'aaaaaaaa', 'Yes', 'aaaaaaaaaaa', 'Yes', 'Yes', 'aaaaaaaaaaaa', 'Yes', 'aaaaaaaaaaa', 'aaaaaaaaaaaaaa', 'aaaaaaaaaa', 'aaaaaaaaaaa', 'aaaaaaaa', '', '', '', '2013-07-26 03:32:58', '2013-07-26 03:33:34'),
(74, '', 'Open', '2013-07-26', '01:00', 'Camp Campbell', 'CN - Bowers', 'Lobby', 'Report', 'wwwwww', 'wwwwwwww', '2013-07-26', 'Male', 'wwwwww', 'wwwwwww', 'wwwwww', 'wwwwwww', 'wwwwwww', 'wwwwwwww', '', 'Participant', 'wwwwwww', 'wwwwwwww', 'wwwwww', 'wwwwwwww', 'wwwwwww', 'wwwwwwww', 'wwwwwww', 'wwwwwww', 'wwwwwww', 'wwwww', 'Yes', 'wwwww', 'No', 'wwwwww', 'No', 'wwwwwwww', 'Yes', 'Yes', 'wwwwwww', 'Yes', 'wwwwwww', 'wwwwww', 'wwwww', 'wwwwwww', 'wwwww', '', '', '', '2013-07-26 03:43:07', '2013-07-26 03:54:49'),
(75, '', 'Open', '2013-07-26', '01:00', 'Central', 'CN - Buchser Middle', 'Bathroom', 'Report', '222222222222', '2222222222', '2013-07-26', 'Male', '22222222222', '22222222222', '22222222', '222222222', 'aafsfsasdasasdasdddddsfsaf', 'ponraj', '', 'Volunteer', '222222222222', '2222222222', '22222222222', '22222222222', '22222222', '222222222', 'asafasf', 'asfasf', 'asffffffff', 'afsaaaa', 'No', 'asffs', 'Yes', 'asfasf', 'Yes', 'afsasf', 'Yes', 'Yes', 'asfasf', 'Yes', 'afasf', 'asfasf', 'asfaf', 'asfas', 'asfsaf', 'Unknown', 'asfsafasf', '', '2013-07-26 03:59:03', '2013-07-26 05:32:16'),
(76, '', 'Open', '2013-07-26', '00:00', 'Camp Campbell', 'CN - Bowers', 'Lobby', 'Report', '222222222222', '2222222222', '2013-07-26', 'Female', '22222222222', '22222222222', '22222222', '222222222', '2222222', '22222222', '', 'Participant', '222222222222', '2222222222', '22222222222', '22222222222', '22222222', '222222222', '2222222222', '22222222', '2222222222222', '22222222', 'Yes', '2222', 'Yes', '2222', 'Yes', '2222222', 'No', 'Yes', '2222222222', 'No', '2222222222', '22222222222', '22222', '2222222222', '2222222', 'Unknown', 'mmmmmmmmmmmmmm', '', '2013-07-26 07:01:45', '2013-07-26 07:04:01'),
(77, '', 'Open', '2013-07-26', '01:00', 'Camp Campbell', 'CN - Booksin', 'Gym', 'Report', 'qqqqqqqq', 'qqqqq', '2013-07-26', 'Female', 'qqqqqqqq', 'qqqqqqqq', 'qqqqqqqq', 'qqqqq', 'qqqqq', 'qqqqqqq', '', 'Member', 'qqqqqqqq', 'qqqqqqq', 'qqqqqqqq', 'qqqqqqq', 'qqqqqqqq', 'qqqqqqqqq', 'qqqqqqqqq', 'qqqqqqq', 'qqqqqqqqqq', 'qqqqqqqqqq', 'No', 'qqqqq', 'No', 'qqqqqqqqqq', 'Yes', 'qqqqqqqqqqq', 'Yes', 'Yes', 'qqqqqqqqqqqqqqqqqqq', 'Yes', 'qqqqqqqqq', 'qqqqqqqqq', 'qqqqqqqq', 'qqqqqqq', 'qqqqqqqqq', 'No', 'test', '77.pdf', '2013-07-26 08:36:12', '2013-07-26 08:40:30'),
(78, '', 'Open', '2013-07-26', '13:59', 'Central', 'CN - Briarwood', 'Bathroom', 'Report', '222222222222', '2222222222', '', '', '22222222222', '22222222222', '22222222', '222222222', 'aafsfsasdasasdasdddddsfsaf', 'ponraj', '', 'Volunteer', '', '', '', '', '', '', '', '', '', '', 'No', 'asfsaf', 'Yes', 'asfsaf', 'Yes', 'asfsaf', 'No', 'Yes', 'asfsaf', 'No', 'asfsaf', '1111111111', 'asfaf', 'asfsaf', 'asfsaf', '', '', '78.pdf', '2013-07-26 08:43:45', '2013-07-26 08:50:21'),
(79, '', 'Open', '2013-07-26', '01:00', 'Camp Campbell', 'CN - Bracher', 'Gym', 'Report', '222222222222', '2222222222', '2013-07-29', 'Female', '22222222222', '22222222222', '22222222', '222222222', 'aafsfsasdasasdasdddddsfsaf', 'ponraj', '', 'Volunteer', '222222222222', '2222222222', '22222222222', '22222222222', '22222222', '222222222', 'asafasf', 'asfasf', '2222', '', 'Yes', 'asfsaf', 'Yes', 'asfsaf', 'Yes', 'asfsaf', 'Yes', 'Yes', 'asfsaf', 'Yes', 'asfsaf', '1111111111', 'asfaf', 'asfsaf', 'asfsaf', 'No', '', '79.pdf', '2013-07-26 08:50:46', '2013-07-28 23:19:15'),
(80, '', 'Open', '2013-07-29', '00:00', 'Camp Campbell', 'CN - Bowers', 'Lobby', 'Do Not Report', '222222222222', '2222222222', '2013-07-29', 'Female', '22222222222', '22222222222', '22222222', '222222222', 'aafsfsasdasasdasdddddsfsaf', 'Admin', '', 'Participant', '222222222222', '2222222222', '22222222222', '22222222222', '22222222', '222222222', 'asafasf', 'asfasf', 'safafasfsafsaf', 'asfasfasf', 'Yes', 'asfsaf', 'Yes', 'asfsaf', 'Yes', 'asfsaf', 'No', 'No', 'asfsaf', 'No', 'asfsaf', '1111111111', 'asfaf', 'asfsaf', 'asfsaf', 'No', 'asfasf', '80.txt', '2013-07-28 23:42:23', '2013-07-28 23:45:26'),
(81, '', 'Open', '2013-07-29', '01:00', 'South Valley', 'CN - Bracher', 'Parking Lot', 'Report', '222222222222', '2222222222', '2013-07-29', 'Female', '22222222222', '22222222222', '22222222', '222222222', 'aafsfsasdasasdasdddddsfsaf', 'Admin', '', 'Participant', '9999999999999', 'safsafsafsa', '555555', '5555555', '5555555', '555555', '999999', 'safasfas', '', '', 'Yes', 'asfsaf', 'Yes', 'asfsaf', 'Yes', 'asfas', 'Yes', 'Yes', 'asfsaf', 'Yes', 'asfsaf', '1111111111', 'asfaf', 'asfsaf', 'asfsaf', '', '', '81.txt', '2013-07-28 23:49:19', '2013-07-29 00:01:26'),
(82, '', 'Open', '2013-07-29', '01:00', 'South Valley', 'CN - Bracher', 'Parking Lot', 'Report', '222222222222', '2222222222', '2013-07-29', 'Female', '22222222222', '22222222222', '22222222', '222222222', 'aafsfsasdasasdasdddddsfsaf', 'Admin', '', 'Participant', '', '', '', '', '', '', '', '', '', '', 'Yes', '', 'Yes', '', 'Yes', '', 'Yes', 'Yes', '', '', '', '', '', 'asfsaf', 'asfsaf', 'Yes', 'add', '', '2013-07-29 00:02:09', '2013-07-29 00:19:58'),
(83, '', 'Open', '2013-07-29', '01:00', 'Association Office', 'CN - Booksin', 'Lobby', 'Report', 'sfhdh', 'sdhsdh', '2013-07-29', 'Male', 'sdhsdh', 'sdhsdh', 'sdhsdh', 'sdhsdfh', 'aafsfsasdasasdasdddddsfsaf', 'asfasf', '', 'Member', '222222222222', '2222222222', '22222222222', '22222222222', '22222222', '222222222', 'asafasf', 'asfasf', '', '', 'No', '', 'No', '', 'No', '', 'No', 'Yes', '', 'No', '', '', '', 'asfsaf', 'asfsaf', 'Yes', 'ewgdsg', '83.pdf', '2013-07-29 00:25:55', '2013-07-29 01:25:10'),
(84, '', 'Open', '2013-07-29', '01:00', 'Camp Campbell', 'CN - Bowers', 'Lobby', 'Report', '222222222222', '2222222222', '', '', '22222222222', '22222222222', '22222222', '222222222', '', '', '', 'Participant', '', '', '', '', '', '', '', '', '', '', '', '', '', '', '', '', '', '', '', '', '', '', '', '', '', '', '', '', '2013-07-29 01:28:55', '2013-07-29 01:28:55'),
(85, '', 'Open', '2013-07-29', '01:00', 'Camp Campbell', 'CN - Bowers', 'Lobby', 'Report', '222222222222', '2222222222', '', '', '22222222222', '22222222222', '22222222', '222222222', '', '', '', 'Participant', '', '', '', '', '', '', '', '', '', '', '', '', '', '', '', '', '', '', '', '', '', '', '', '', '', '', '', '', '2013-07-29 01:34:32', '2013-07-29 01:34:32'),
(86, '', 'Open', '2013-07-29', '01:00', 'Camp Campbell', 'CN - Bowers', 'Lobby', 'Report', '222222222222', '2222222222', '', '', '22222222222', '22222222222', '22222222', '222222222', '', '', '', 'Participant', '', '', '', '', '', '', '', '', '', '', '', '', '', '', '', '', '', '', '', '', '', '', '', '', '', '', '', '', '2013-07-29 01:36:17', '2013-07-29 01:36:17'),
(87, '', 'Open', '2013-07-29', '01:00', 'Camp Campbell', 'CN - Bowers', 'Lobby', 'Report', '222222222222', '2222222222', '', '', '22222222222', '22222222222', '22222222', '222222222', '', '', '', 'Participant', '', '', '', '', '', '', '', '', '', '', '', '', '', '', '', '', '', '', '', '', '', '', '', '', '', '', '', '', '2013-07-29 01:41:13', '2013-07-29 01:41:13'),
(88, '', 'Open', '2013-07-29', '01:00', 'Camp Campbell', 'CN - Bowers', 'Lobby', 'Report', '222222222222', '2222222222', '', '', '22222222222', '22222222222', '22222222', '222222222', '', '', '', 'Participant', '', '', '', '', '', '', '', '', '', '', '', '', '', '', '', '', '', '', '', '', '', '', '', '', '', '', '', '', '2013-07-29 01:42:42', '2013-07-29 01:42:42'),
(89, '', 'Open', '2013-07-29', '01:00', 'Camp Campbell', 'CN - Bowers', 'Lobby', 'Report', '222222222222', '2222222222', '', '', '22222222222', '22222222222', '22222222', '222222222', '', '', '', 'Participant', '', '', '', '', '', '', '', '', '', '', '', '', '', '', '', '', '', '', '', '', '', '', '', '', '', '', '', '', '2013-07-29 01:46:13', '2013-07-29 01:46:13'),
(90, '', 'Open', '2013-07-29', '01:00', 'Camp Campbell', 'CN - Bowers', 'Lobby', 'Report', '222222222222', '2222222222', '', '', '22222222222', '22222222222', '22222222', '222222222', '', '', '', 'Participant', '', '', '', '', '', '', '', '', '', '', '', '', '', '', '', '', '', '', '', '', '', '', '', '', '', '', '', '', '2013-07-29 01:46:48', '2013-07-29 01:46:48');

-- --------------------------------------------------------

--
-- Table structure for table `migrations`
--

CREATE TABLE IF NOT EXISTS `migrations` (
  `migration` varchar(255) COLLATE utf8_unicode_ci NOT NULL,
  `batch` int(11) NOT NULL
) ENGINE=InnoDB DEFAULT CHARSET=utf8 COLLATE=utf8_unicode_ci;

--
-- Dumping data for table `migrations`
--

INSERT INTO `migrations` (`migration`, `batch`) VALUES
('2013_04_03_222955_create_incidents_table', 1),
('2013_04_03_225147_create_witnesses_table', 1),
('2013_04_03_225340_create_followups_table', 1),
('2013_04_08_215358_confide_setup_users_table', 1),
('2013_04_09_151255_entrust_setup_tables', 1),
('2013_04_09_173555_create_documents_table', 1),
('2013_04_10_161423_add_branch_filed_to_users_table', 1),
('2013_07_24_080617_incident_documents_table', 2);

-- --------------------------------------------------------

--
-- Table structure for table `password_reminders`
--

CREATE TABLE IF NOT EXISTS `password_reminders` (
  `email` varchar(255) COLLATE utf8_unicode_ci NOT NULL,
  `token` varchar(255) COLLATE utf8_unicode_ci NOT NULL,
  `created_at` timestamp NOT NULL DEFAULT '0000-00-00 00:00:00'
) ENGINE=InnoDB DEFAULT CHARSET=utf8 COLLATE=utf8_unicode_ci;

--
-- Dumping data for table `password_reminders`
--

INSERT INTO `password_reminders` (`email`, `token`, `created_at`) VALUES
('k.ponraj@agriya.in', '8590a5b9c5ab6905aa1f63c3eb1001bd', '2013-07-22 05:23:20');

-- --------------------------------------------------------

--
-- Table structure for table `roles`
--

CREATE TABLE IF NOT EXISTS `roles` (
  `id` int(10) unsigned NOT NULL AUTO_INCREMENT,
  `name` varchar(255) COLLATE utf8_unicode_ci NOT NULL,
  `permissions` text COLLATE utf8_unicode_ci NOT NULL,
  `created_at` timestamp NOT NULL DEFAULT '0000-00-00 00:00:00',
  `updated_at` timestamp NOT NULL DEFAULT '0000-00-00 00:00:00',
  PRIMARY KEY (`id`)
) ENGINE=InnoDB  DEFAULT CHARSET=utf8 COLLATE=utf8_unicode_ci AUTO_INCREMENT=6 ;

--
-- Dumping data for table `roles`
--

INSERT INTO `roles` (`id`, `name`, `permissions`, `created_at`, `updated_at`) VALUES
(1, 'Admin', '[''create_incident'',''edit_incident'',''view_incident'',''review_incident'',''signoff_incident'',''close_incident'']', '0000-00-00 00:00:00', '0000-00-00 00:00:00'),
(2, 'ViewOnly', '[''view_incident'']', '0000-00-00 00:00:00', '0000-00-00 00:00:00'),
(3, 'Creator', '[''create_incident'',''edit_incident'',''view_incident'']', '0000-00-00 00:00:00', '0000-00-00 00:00:00'),
(4, 'Reviewer', '[''review_incident'']', '0000-00-00 00:00:00', '0000-00-00 00:00:00'),
(5, 'Risk', '[''create_incident'',''edit_incident'',''view_incident'',''review_incident'',''signoff_incident'',''close_incident'']', '0000-00-00 00:00:00', '0000-00-00 00:00:00');

-- --------------------------------------------------------

--
-- Table structure for table `users`
--

CREATE TABLE IF NOT EXISTS `users` (
  `id` int(10) unsigned NOT NULL AUTO_INCREMENT,
  `username` varchar(255) COLLATE utf8_unicode_ci NOT NULL,
  `email` varchar(255) COLLATE utf8_unicode_ci NOT NULL,
  `password` varchar(255) COLLATE utf8_unicode_ci NOT NULL,
  `confirmation_code` varchar(255) COLLATE utf8_unicode_ci NOT NULL,
  `confirmed` tinyint(1) NOT NULL DEFAULT '0',
  `created_at` timestamp NOT NULL DEFAULT '0000-00-00 00:00:00',
  `updated_at` timestamp NOT NULL DEFAULT '0000-00-00 00:00:00',
  `branch` varchar(255) COLLATE utf8_unicode_ci NOT NULL,
  PRIMARY KEY (`id`)
) ENGINE=InnoDB  DEFAULT CHARSET=utf8 COLLATE=utf8_unicode_ci AUTO_INCREMENT=9 ;

--
-- Dumping data for table `users`
--

INSERT INTO `users` (`id`, `username`, `email`, `password`, `confirmation_code`, `confirmed`, `created_at`, `updated_at`, `branch`) VALUES
(1, 'ponraj', 'k.ponraj@agriya.in', '$2y$08$DnYTxoQmRm.0WcYq9lyAy.CsZsTugDbZ4xOZDxCsuyPvoe018SRqa', 'fa39dc2e501713ae8e5868cde667c23a', 1, '2013-07-20 04:24:00', '2013-07-20 04:24:00', ''),
(2, 'senthil', 'senthil@agriya.in', '$2y$08$SSNvhAKqIA2y1W0YgyixsuROaxJuIZ6YMRNgckKfaU6KzvSxTzVuS', '344d2c2620abb33fdc61b928a3b4dfc6', 0, '2013-07-20 04:41:09', '2013-07-20 04:41:09', ''),
(3, 'rajesh', 'rajesh@agriya.in', '$2y$08$O6z02QXZr/KV4ErfLd0Y4uCa8uOq1hxb0ql0FG6GISysOlJnLVMjG', '45e8d9c3963e1b8bda878789352deb61', 0, '2013-07-20 04:42:38', '2013-07-20 04:42:38', ''),
(4, 'mathubala', 'mathubala@hotmail.com', '$2y$08$xru5Zt5EeIQmWv7KHihhiezX0SAVSDV1XxUH/YNSm1vQV7hGd0Edm', '4f5424a83c76e8b084c78e079bf63352', 0, '2013-07-20 04:49:45', '2013-07-20 04:49:45', ''),
(5, 'senthilraja', 'senthraj@agriya.in', '$2y$08$BjVlg1WmOCJ6eMyxIppp/.3MZ2dktS5nXaScjU6qV778fZrt/suzC', 'dc05411abd49abcc15dc5b136353c733', 0, '2013-07-20 05:32:05', '2013-07-20 05:32:05', ''),
(6, 'janani', 'janani@yahoo.in', '$2y$08$XIegKc4kDsTdi9QCqY8fDeiWsdrBGMjSVOY9/8dOA8podUHxDjriW', '14a93b4668f6099dadd00e1ad1db10dc', 0, '2013-07-22 02:59:03', '2013-07-22 02:59:03', ''),
(7, 'bhavana', 'bhavana@gmail.com', '$2y$08$9RpvPMkbzLBknkoeL2Pbhe5.hSQWHl1idsP563NiChd3DjyvBA2AO', 'c9a3b3184f57570e303df3f0e19440ec', 0, '2013-07-22 03:01:49', '2013-07-22 03:01:49', ''),
(8, 'umarani', 'umarani@gmail.com', '$2y$08$MkLNBHITX7JB8esH1KTAdept4fHdFsXWx15ODelCIPOqlf9cEk8EG', '2c6d13ce46a936b48582ed0d34935712', 0, '2013-07-22 07:43:04', '2013-07-22 07:43:04', '');

-- --------------------------------------------------------

--
-- Table structure for table `witnesses`
--

CREATE TABLE IF NOT EXISTS `witnesses` (
  `id` int(10) unsigned NOT NULL AUTO_INCREMENT,
  `incident_id` int(11) NOT NULL,
  `type` varchar(255) COLLATE utf8_unicode_ci NOT NULL,
  `involvement` varchar(255) COLLATE utf8_unicode_ci NOT NULL,
  `first_name` varchar(255) COLLATE utf8_unicode_ci NOT NULL,
  `last_name` varchar(255) COLLATE utf8_unicode_ci NOT NULL,
  `age` int(11) NOT NULL,
  `address` varchar(255) COLLATE utf8_unicode_ci NOT NULL,
  `city` varchar(255) COLLATE utf8_unicode_ci NOT NULL,
  `state` varchar(255) COLLATE utf8_unicode_ci NOT NULL,
  `zip` varchar(255) COLLATE utf8_unicode_ci NOT NULL,
  `phone` varchar(255) COLLATE utf8_unicode_ci NOT NULL,
  `email` varchar(255) COLLATE utf8_unicode_ci NOT NULL,
  `created_at` timestamp NOT NULL DEFAULT '0000-00-00 00:00:00',
  `updated_at` timestamp NOT NULL DEFAULT '0000-00-00 00:00:00',
  PRIMARY KEY (`id`)
) ENGINE=InnoDB  DEFAULT CHARSET=utf8 COLLATE=utf8_unicode_ci AUTO_INCREMENT=46 ;

--
-- Dumping data for table `witnesses`
--

INSERT INTO `witnesses` (`id`, `incident_id`, `type`, `involvement`, `first_name`, `last_name`, `age`, `address`, `city`, `state`, `zip`, `phone`, `email`, `created_at`, `updated_at`) VALUES
(1, 1, '', '', 'John', 'Doe', 0, '', '', '', '', '', '', '0000-00-00 00:00:00', '2013-07-25 07:33:50'),
(2, 4, '', '', 'farooq', 'abdulla', 26, 'krisha street', 'chennai', 'tamilnadu', '642201', '8333333333', 'farooq@gmail.com', '2013-07-20 08:33:19', '2013-07-25 07:33:50'),
(3, 29, 'Responder', 'Participant', 'asfas', 'asfas', 0, 'asfas', 'asfasf', 'asfasf', 'asfasf', 'asfasf', 'asf', '2013-07-23 06:23:43', '2013-07-25 07:33:50'),
(4, 30, 'Witness', 'Participant', 'zzzzzzzzzz', 'zzzzzzz', 0, 'zzzzzzzzzz', 'zzzzz', 'zzzzzzzzzz', 'zzzzzzzzzz', 'zzzzzzzzzz', 'zzzzzzzzzz', '2013-07-23 06:27:49', '2013-07-25 07:33:50'),
(5, 31, 'Responder', 'Participant', 'sdgsd', 'dsgsdg', 0, 'sdgsdg', 'sdgsdg', 'sdgsd', 'sdgsdg', 'sdgsdg', 'sdgsd', '2013-07-23 06:41:53', '2013-07-25 07:33:50'),
(6, 36, 'Witness', 'Member', 'asfsaf', 'asfsaf', 0, 'afsaf', 'asfsaf', 'asfasf', 'asfasf', 'asfasf', 'asfasf', '2013-07-23 07:45:25', '2013-07-25 07:33:50'),
(7, 37, 'Responder', 'Participant', 'rrrrrrrrrr', 'rrrrrrrrrrr', 0, 'rrrrrrrrr', 'rrrrrrrr', 'rrrrrrrr', 'rrrrrrrrrr', 'rrrrrrrrr', 'rrrrrrrrr', '2013-07-23 08:27:12', '2013-07-25 07:33:50'),
(8, 38, 'Witness', 'Participant', 'sdgsdg', 'sdgsdg', 0, 'sdgsdg', 'sdgsdg', 'sdgsdg', 'sdgsdg', 'sdgsdg', 'sdgsdgdsg', '2013-07-23 23:59:36', '2013-07-25 07:33:50'),
(9, 39, 'Responder', 'Member', 'afsa', 'asfasf', 0, 'asfsa', 'asfasf', 'asfasf', 'asfsa', 'asfsa', 'asfasf', '2013-07-24 00:08:18', '2013-07-25 07:33:50'),
(10, 39, 'Responder', 'Member', 'afsa', 'asfasf', 0, 'asfsa', 'asfasf', 'asfasf', 'asfsa', 'asfsa', 'asfasf', '2013-07-24 00:10:46', '2013-07-25 07:33:50'),
(11, 40, 'Witness', 'Participant', 'eeeeeeee', 'eeeeeeee', 0, 'eeeeeee', 'eeeeeeee', 'eeeeeeee', 'eeeeeeeee', 'eeeee', 'eeeeeeeee', '2013-07-24 00:46:36', '2013-07-25 07:33:50'),
(12, 41, 'Witness', 'Volunteer', 'asfaf', 'afasf', 0, 'afasf', 'afasf', 'afsasf', 'afasf', 'asfasf', 'asfasf', '2013-07-24 01:45:48', '2013-07-25 07:33:50'),
(13, 51, 'Witness', 'Participant', 'sdgsdg', 'sdgsdg', 0, 'sdgsdg', 'sdgsdg', 'sdgsdg', 'sdgsdg', 'sdgsdg', 'sdgsdgsdg', '2013-07-24 04:36:00', '2013-07-25 07:33:50'),
(14, 52, 'Responder', 'Participant', '', '', 0, '', 'asfsaf', 'safsaf', 'asfasf', 'asfasf', 'asfsa', '2013-07-24 04:41:09', '2013-07-25 07:33:50'),
(15, 53, 'Witness', 'Volunteer', '9999999999', '99999999999', 2147483647, '99999999999', '999999999', '999999999', '999999999999', '9999999999', '99999999999', '2013-07-24 04:48:23', '2013-07-25 07:33:50'),
(16, 57, 'Witness', 'Volunteer', 'afasf', 'asfasf', 0, 'afasf', 'asfasf', 'asfasf', 'asfasf', 'asfasf', 'asfasf', '2013-07-24 06:36:21', '2013-07-25 07:33:50'),
(17, 58, '', '', 'affa', 'fasfasf', 0, 'afasf', 'asfasfasf', 'aasfsaf', 'asfsaf', 'afasf', 'asfasf', '2013-07-24 08:56:25', '2013-07-25 07:33:50'),
(18, 62, 'Responder', 'Volunteer', 'qqqqqqqqqq', 'qqqqqq', 0, 'qqqqqqqq', 'qqqqqqqqq', 'qqqqqqqqq', 'qqqqqqq', 'qqqqqqqqq', 'qqqqqqqqqqqq', '2013-07-25 23:29:48', '2013-07-25 23:29:48'),
(19, 62, 'Responder', 'Volunteer', 'qqqqqqqqqq', 'qqqqqq', 0, 'qqqqqqqq', 'qqqqqqqqq', 'qqqqqqqqq', 'qqqqqqq', 'qqqqqqqqq', 'qqqqqqqqqqqq', '2013-07-25 23:30:02', '2013-07-25 23:30:02'),
(20, 63, '', '', 'qqqqqqqqqq', 'qqqqqq', 0, 'qqqqqqqq', 'qqqqqqqqq', 'qqqqqqqqq', 'qqqqqqq', 'qqqqqqqqq', 'asfsa', '2013-07-25 23:32:42', '2013-07-25 23:32:42'),
(21, 68, 'Responder', 'Volunteer', '222222222222', '2222222222', 0, '22222222222', '22222222222', '22222222', '222222222', '2222222', '222222222', '2013-07-26 00:57:27', '2013-07-26 00:57:27'),
(22, 68, '', '', '222222222222', '2222222222', 222222, '22222222222', '22222222222', '22222222', '222222222', '22222222', '22222222', '2013-07-26 00:57:27', '2013-07-26 00:57:27'),
(23, 71, 'Witness', 'Member', '222222222222', '2222222222', 2, '22222222222', '22222222222', '22222222', '222222222', '2222', '22222', '2013-07-26 01:21:47', '2013-07-26 01:21:47'),
(24, 71, 'Witness', 'Participant', '9999999999999', '999999999999', 99, '999999999', '99999999', '999999999', '9999999999', '99999999999', '99999999999', '2013-07-26 01:21:47', '2013-07-26 01:21:47'),
(25, 73, 'Responder', '', 'aaa', 'aaa', 0, 'aaa', 'aaa', 'aaa', 'aaa', 'aaa', 'aaa', '2013-07-26 03:34:07', '2013-07-26 03:34:07'),
(26, 73, '', '', 'bbbbb', 'bbbbbb', 0, 'bbb', 'bbbbbb', 'bbbbb', 'bbbbb', 'bbbbbbb', 'bbbbbb', '2013-07-26 03:34:07', '2013-07-26 03:34:07'),
(27, 75, 'Witness', 'Member', 'aaaaaaaaaaaaaaaa', 'aaaaaaaaaa', 0, 'aaaaaaaaaaaa', 'aaaaaaaaaaaaaa', 'aaaaaaaaa', 'aaaaaaaaaa', 'aaaaaaaa', 'aaaaaaaaaaaaa', '2013-07-26 04:00:03', '2013-07-26 04:00:03'),
(28, 75, 'Responder', 'Participant', 'bbbbbbbbbbbb', 'bbbbbbbbbbbbbbb', 0, 'bbbbbbbbbbb', 'bbbbbbbb', 'bbbbbbbb', 'bbbbbbbbbbb', 'bbbbbbbbbbb', 'bbbbbbbbbbb', '2013-07-26 04:00:03', '2013-07-26 04:00:03'),
(29, 76, '', '', 'fffffffffffffffffff', 'ffffffffffffffffffff', 22, '22222222222', '22222222222', '22222222', '222222222', '2222222', '2222222', '2013-07-26 07:03:23', '2013-07-26 07:03:23'),
(30, 76, '', '', 'gggggggggggggggggggggg', 'gggggggggggggggggg', 11, 'vvvvvvvvvvvv', 'vvvvvvvvv', 'vvvvvvvvvv', 'vvvvvvvvvvv', 'vvvvvvvvv', 'vvvvvvvvvvvvv', '2013-07-26 07:03:23', '2013-07-26 07:03:23'),
(31, 76, '', '', 'mmmmmmmmm', 'mmmmmmmmmm', 22, 'wwwwwwwww', 'wwwwwwwwwww', 'wwwwwwwwwww', 'wwwwwwwwwww', 'wwwwwwwwwwwww', 'wwwwwwwwwwwww', '2013-07-26 07:03:24', '2013-07-26 07:03:24'),
(32, 77, 'Witness', 'Participant', 'qqqqqq', 'qqqqqqqq', 21, 'qqqqqqqqqq', 'qqqqqqqqqq', 'sdhsdh', 'sdhsdfh', 'qqqqq', 'qqqqqqqqqqqq', '2013-07-26 08:38:03', '2013-07-26 08:38:03'),
(33, 77, 'Witness', 'Participant', 'ttttttt', 'ttttttt', 20, 'ttttttttt', 'ttttttt', 'ttttttt', 'ttttttttt', 'tttttttttt', 'tttttttttt', '2013-07-26 08:38:03', '2013-07-26 08:38:03'),
(34, 79, 'Witness', 'Participant', 'sfhdh', 'sdhsdh', 2147483647, 'sdhsdh', 'sdhsdh', 'sdhsdh', 'sdhsdfh', 'asfasf', 'asfasf', '2013-07-26 08:51:32', '2013-07-26 08:51:32'),
(35, 80, 'Responder', 'Staff', 'sfhdh', 'sdhsdh', 0, 'sdhsdh', 'sdhsdh', 'sdhsdh', 'sdhsdfh', 'asfasf', 'asfasf', '2013-07-28 23:43:33', '2013-07-28 23:43:33'),
(36, 80, '', '', 'sfhdh', 'sdhsdh', 22, 'sdhsdh', 'sdhsdh', 'sdhsdh', 'sdhsdfh', 'vvvvvvvvv', 'vvvvvvvvvvvvv', '2013-07-28 23:43:33', '2013-07-28 23:43:33'),
(37, 81, '', '', '222222222222', '2222222222', 0, '22222222222', '22222222222', '22222222', '222222222', 'asfasf', 'asfasf', '2013-07-28 23:58:39', '2013-07-28 23:58:39'),
(38, 81, '', '', '222222222222', '2222222222', 11, '22222222222', '22222222222', '22222222', '222222222', 'vvvvvvvvv', 'vvvvvvvvvvvvv', '2013-07-28 23:58:39', '2013-07-28 23:58:39'),
(39, 82, 'Responder', '', 'sfhdh', 'sdhsdh', 0, 'sdhsdh', 'sdhsdh', 'sdhsdh', 'sdhsdfh', '', '', '2013-07-29 00:03:49', '2013-07-29 00:03:49'),
(40, 82, 'Witness', 'Member', 'sfhdh', 'sdhsdh', 11, 'sdhsdh', 'sdhsdh', 'sdhsdh', 'sdhsdfh', '22222222', '22222222', '2013-07-29 00:03:49', '2013-07-29 00:03:49'),
(41, 82, 'Witness', 'Member', 'sfhdh', 'sdhsdh', 0, 'sdhsdh', 'sdhsdh', 'sdhsdh', 'sdhsdfh', 'mmmmmmmmm', 'mmmmmmmm', '2013-07-29 00:17:21', '2013-07-29 00:17:21'),
(42, 82, '', '', 'sfhdh', 'sdhsdh', 0, 'sdhsdh', 'sdhsdh', 'sdhsdh', 'sdhsdfh', '', '', '2013-07-29 00:19:26', '2013-07-29 00:19:26'),
(43, 82, 'Responder', 'Staff', 'sfhdh', 'sdhsdh', 0, 'sdhsdh', 'sdhsdh', 'sdhsdh', 'sdhsdfh', 'asfasf', 'asfasf', '2013-07-29 00:19:45', '2013-07-29 00:19:45'),
(44, 83, 'Witness', 'Member', '222222222222', '2222222222', 22, '22222222222', '22222222222', '22222222', '222222222', 'asfasf', 'asfasf', '2013-07-29 00:34:31', '2013-07-29 00:34:31'),
(45, 83, 'Responder', 'Staff', '22222222', '22222222', 22222222, '22222222', '222222222', '2222222222', '222222222', '2222222222', '22222222', '2013-07-29 00:34:31', '2013-07-29 00:34:31');

/*!40101 SET CHARACTER_SET_CLIENT=@OLD_CHARACTER_SET_CLIENT */;
/*!40101 SET CHARACTER_SET_RESULTS=@OLD_CHARACTER_SET_RESULTS */;
/*!40101 SET COLLATION_CONNECTION=@OLD_COLLATION_CONNECTION */;
